{
  "decisions": {
    "header": {
      "xPct": 48.18682779851603,
      "topVh": 6.119796057277987
    },
    "divider": {
      "xPct": 50.001782022350575,
      "topVh": 15.03705863383279
    },
    "orbitStage": {
      "xPct": 47.98082022550408,
      "topVh": 41.06980434298678
    },
    "orbitSizeVw": 26.6,
    "orbits": {
      "actos": {
        "xVw": -26.276632141081397,
        "yVh": -21.316749355362745
      },
      "dominios": {
        "xVw": 32.991177757292554,
        "yVh": -19.58299274004622
      },
      "lectura": {
        "xVw": -24.82538206879375,
        "yVh": 7.7033113352802784
      },
      "cosmovision": {
        "xVw": 31.356588524408224,
        "yVh": 7.401783584739654
      }
    },
    "cta": {
      "xPct": 48.54875242504587,
      "bottomVh": 32.19719307846421,
      "widthVw": 61
    },
    "secureNote": {
      "xPct": 48.54756772907731,
      "bottomVh": 29.33400312446998
    }
  },
  "stage": {
    "pedestalVisibleMobile": false,
    "pedestalY": 1.42,
    "bookY": 1.68,
    "cameraY": 2.85,
    "cameraZ": 6.38,
    "targetY": 1.54,
    "scale": 0.66,
    "fov": 40.3
  }
}
